Slot,Name,Count,Price,Seller,CareFinish
0,Lunar Crate (p2w),1个,80000,null,
0,Lunar Crate (f2p),1个,30000,null,
0,Zodiac Crate (p2w),1个,90000,null,
0,Zodiac Crate (f2p),1个,30000,null,
0,Palace Crate (p2w),1个,120000,null,
0,Palace Crate (f2p),1个,60000,null,
0,Adventurer Hat,1个,700000,null,
0,Firefly Lantern,1个,1000000,null,
0,Space Drill Pickaxe Skin,1个,266666,null,
0,Love Guardian Tiara,1个,30000,null,800000
0,Love Guardian Wings,1个,30000,null,1000000
0,Love Guardian Wand,1个,30000,null,1000000
0,Lovely Crate (p2w),1个,120000,null,
0,Lovely Crate (f2p),1个,77777,null,
0,Elegant Gazebo,1个,30000,null,
0,Cupids Bow,1个,30000,null,
0,Rose Gold Sword Skin,1个,50000,null,
0,Rose Gold Bow Skin,1个,50000,null,
0,Rose Gold Axe Skin,1个,50000,null,
0,Rose Gold Pickaxe Skin,1个,50000,null,
0,Rose Gold Shield Skin,1个,50000,null,
0,Rose Gold Hoe Skin,1个,50000,null,
0,Teddy Bear,1个,10000,null,